"","Rk","Player","Age","G","GS","MP","FG","FGA","FG.","X3P","X3PA","X3P.","X2P","X2PA","X2P.","eFG.","FT","FTA","FT.","ORB","DRB","TRB","AST","STL","BLK","TOV","PF","PTS","Team.x","Salary","Pos"
"1",1,"Nerlens Noel",20,75,71,2311,302,653,0.462,0,0,NA,302,653,0.462,0.462,140,230,0.609,185,426,611,128,133,142,146,208,744,"76ers",3315120,"C"
"2",2,"Robert Covington",24,70,49,1956,299,756,0.396,167,446,0.374,132,310,0.426,0.506,178,217,0.82,65,251,316,105,97,31,128,189,943,"76ers",1e+06,"SF"
"3",6,"Michael Carter-Williams",23,41,38,1391,232,611,0.38,32,125,0.256,200,486,0.412,0.406,117,182,0.643,43,211,254,302,60,18,174,103,613,"76ers",2300040,"PG"
"5",7,"Jerami Grant",20,65,11,1377,124,352,0.352,49,156,0.314,75,196,0.383,0.422,114,193,0.591,49,149,198,79,40,68,85,144,411,"76ers",884879,"SF"
"6",9,"JaKarr Sampson",21,74,32,1131,146,346,0.422,31,127,0.244,115,219,0.525,0.467,63,94,0.67,35,128,163,77,38,26,76,135,386,"76ers",507336,"SF"
"7",10,"Tony Wroten",21,30,15,895,175,434,0.403,37,142,0.261,138,292,0.473,0.446,120,180,0.667,22,64,86,157,48,8,113,72,507,"76ers",1210080,"SG"
"8",11,"Ish Smith",26,25,14,677,128,322,0.398,17,55,0.309,111,267,0.416,0.424,28,48,0.583,10,63,73,152,32,5,69,38,301,"76ers",861405,"PG"
"10",12,"Isaiah Canaan",23,22,12,569,93,247,0.377,59,162,0.364,34,85,0.4,0.496,33,39,0.846,7,47,54,69,15,3,39,55,278,"76ers",816842,"PG"
"12",13,"Furkan Aldemir",23,41,9,540,40,78,0.513,0,5,0,40,73,0.548,0.513,13,27,0.481,78,98,176,28,17,16,17,96,93,"76ers",2963232,"PF"
"13",14,"Jason Richardson",34,19,15,416,62,178,0.348,31,96,0.323,31,82,0.378,0.435,17,22,0.773,13,53,66,38,13,3,16,28,172,"76ers",6601125,"SG"
"14",15,"Thomas Robinson",23,22,0,407,79,169,0.467,0,2,0,79,167,0.473,0.467,35,58,0.603,62,108,170,24,16,9,26,50,193,"76ers",3678360,"PF"
"16",17,"Alexey Shved",26,17,0,285,52,130,0.4,17,57,0.298,35,73,0.479,0.465,48,57,0.842,8,14,22,46,14,1,18,21,169,"76ers",3282056,"SG"
"19",19,"Malcolm Thomas",26,17,0,194,18,40,0.45,0,7,0,18,33,0.545,0.45,9,13,0.692,16,40,56,7,3,1,13,17,45,"76ers",635827,"PF"
"20",20,"Chris Johnson",24,9,2,187,19,60,0.317,10,39,0.256,9,21,0.429,0.4,6,8,0.75,3,23,26,3,9,5,9,19,54,"76ers",107676,"SF"
"23",21,"Tim Frazier",24,6,3,171,13,43,0.302,3,11,0.273,10,32,0.313,0.337,5,15,0.333,4,15,19,43,6,0,18,16,34,"76ers",59686,"PG"
"25",23,"Drew Gordon",24,9,0,71,8,19,0.421,0,3,0,8,16,0.5,0.421,1,2,0.5,7,11,18,2,1,0,8,7,17,"76ers",468540,"PF"
"26",24,"JaVale McGee",27,6,0,61,8,18,0.444,0,0,NA,8,18,0.444,0.444,2,4,0.5,4,9,13,2,0,1,5,2,18,"76ers",11250000,"C"
"28",25,"Malcolm Lee",24,1,0,2,0,1,0,0,0,NA,0,1,0,0,0,0,NA,0,0,0,0,0,0,0,0,0,"76ers",710659,"SG"
"29",1,"Giannis Antetokounmpo",20,81,71,2541,383,780,0.491,7,44,0.159,376,736,0.511,0.496,257,347,0.741,100,442,542,207,73,85,173,254,1030,"Bucks",1873200,"SG"
"30",3,"Zaza Pachulia",30,73,45,1730,240,529,0.454,0,3,0,240,526,0.456,0.454,126,160,0.788,197,303,500,178,80,21,133,170,606,"Bucks",5200000,"C"
"31",5,"Jared Dudley",29,72,22,1717,198,423,0.468,74,192,0.385,124,231,0.537,0.556,48,67,0.716,45,175,220,130,72,11,62,113,518,"Bucks",4250000,"SG"
"32",6,"O.J. Mayo",27,71,15,1697,296,701,0.422,99,277,0.357,197,424,0.465,0.493,115,139,0.827,30,157,187,197,57,18,128,165,806,"Bucks",8e+06,"SG"
"33",7,"Brandon Knight",23,52,52,1688,324,745,0.435,104,254,0.409,220,491,0.448,0.505,171,194,0.881,26,195,221,281,84,9,166,93,923,"Bucks",3553917,"PG"
"35",8,"Ersan Ilyasova",27,58,36,1319,263,557,0.472,74,190,0.389,189,367,0.515,0.539,69,107,0.645,80,197,277,56,36,19,45,149,669,"Bucks",7900000,"PF"
"36",9,"John Henson",24,67,11,1228,196,346,0.566,0,0,NA,196,346,0.566,0.566,78,137,0.569,124,188,312,59,28,135,87,152,470,"Bucks",1987320,"C"
"39",11,"Jabari Parker",19,25,25,738,129,263,0.49,4,16,0.25,125,247,0.506,0.498,46,66,0.697,50,88,138,42,31,5,47,42,308,"Bucks",4930560,"SF"
"40",12,"Larry Sanders",26,27,26,586,86,172,0.5,0,0,NA,86,172,0.5,0.5,24,48,0.5,67,99,166,23,26,39,28,104,196,"Bucks",1.1e+07,"C"
"41",15,"Tyler Ennis",20,25,1,353,43,123,0.35,10,37,0.27,33,86,0.384,0.39,3,5,0.6,6,22,28,59,18,3,34,33,99,"Bucks",1590720,"PG"
"43",16,"Miles Plumlee",26,19,0,189,29,59,0.492,0,0,NA,29,59,0.492,0.492,3,8,0.375,17,29,46,7,6,11,6,12,61,"Bucks",1169880,"C"
"45",18,"Jorge Gutierrez",26,10,1,131,15,27,0.556,0,2,0,15,25,0.6,0.556,7,10,0.7,5,13,18,15,5,0,9,16,37,"Bucks",96056,"PG"
"50",20,"Kenyon Martin",37,11,0,104,9,22,0.409,0,0,NA,9,22,0.409,0.409,2,2,1,6,13,19,5,5,6,3,13,20,"Bucks",414551,"PF"
"51",1,"Pau Gasol",34,78,78,2681,570,1153,0.494,12,26,0.462,558,1127,0.495,0.5,294,366,0.803,220,699,919,210,25,147,158,147,1446,"Bulls",7128000,"PF"
"52",2,"Jimmy Butler",25,65,65,2513,421,912,0.462,73,193,0.378,348,719,0.484,0.502,386,463,0.834,114,265,379,212,114,36,93,108,1301,"Bulls",2008748,"SG"
"53",3,"Joakim Noah",29,67,67,2049,190,427,0.445,0,2,0,190,425,0.447,0.445,105,174,0.603,219,427,646,312,48,74,123,203,485,"Bulls",12700000,"C"
"54",5,"Mike Dunleavy",34,63,63,1838,209,481,0.435,107,263,0.407,102,218,0.468,0.546,70,87,0.805,28,220,248,114,39,21,60,123,595,"Bulls",3326235,"SF"
"55",7,"Nikola Mirotic",23,82,3,1654,253,624,0.405,99,313,0.316,154,311,0.495,0.485,228,284,0.803,63,341,404,97,54,54,89,172,833,"Bulls",5305000,"PF"
"56",8,"Kirk Hinrich",34,66,22,1610,142,381,0.373,58,168,0.345,84,213,0.394,0.449,35,50,0.7,20,101,121,148,46,14,73,144,377,"Bulls",2732000,"SG"
"57",9,"Derrick Rose",26,51,51,1530,338,835,0.405,76,271,0.28,262,564,0.465,0.45,152,187,0.813,35,126,161,251,36,16,161,63,904,"Bulls",18862876,"PG"
"58",10,"Tony Snell",23,72,22,1412,159,371,0.429,73,197,0.371,86,174,0.494,0.527,44,55,0.8,31,145,176,62,32,11,48,86,435,"Bulls",1472400,"SF"
"59",11,"E'Twaun Moore",25,56,0,504,62,139,0.446,13,38,0.342,49,101,0.485,0.493,12,20,0.6,12,34,46,33,20,6,14,45,149,"Bulls",948163,"SG"
"60",12,"Doug McDermott",23,36,0,321,43,107,0.402,13,41,0.317,30,66,0.455,0.463,10,15,0.667,6,37,43,6,4,1,17,29,109,"Bulls",2277960,"SF"
"61",1,"Kyrie Irving",22,75,75,2730,578,1235,0.468,157,378,0.415,421,857,0.491,0.532,315,365,0.863,55,182,237,389,114,20,186,146,1628,"Cavaliers",7070730,"PG"
"62",2,"Kevin Love",26,75,75,2532,413,952,0.434,144,392,0.367,269,560,0.48,0.509,258,321,0.804,142,589,731,168,51,39,122,140,1228,"Cavaliers",15719063,"PF"
"63",3,"LeBron James",30,69,69,2493,624,1279,0.488,120,339,0.354,504,940,0.536,0.535,375,528,0.71,51,365,416,511,109,49,272,135,1743,"Cavaliers",20644400,"SF"
"64",4,"Tristan Thompson",23,82,15,2194,267,488,0.547,0,0,NA,267,488,0.547,0.547,159,248,0.641,274,383,657,39,34,61,83,189,693,"Cavaliers",5138430,"PF"
"65",5,"J.R. Smith",29,46,45,1461,214,504,0.425,131,336,0.39,83,168,0.494,0.555,27,33,0.818,26,134,160,114,64,18,52,119,586,"Cavaliers",6515510,"SG"
"67",7,"Timofey Mozgov",28,46,45,1148,197,334,0.59,0,0,NA,197,334,0.59,0.59,92,130,0.708,112,207,319,39,18,56,69,113,486,"Cavaliers",4650000,"C"
"69",8,"Shawn Marion",36,57,24,1101,119,267,0.446,12,46,0.261,107,221,0.484,0.468,26,34,0.765,64,138,202,51,27,27,33,58,276,"Cavaliers",915243,"SF"
"70",9,"Iman Shumpert",24,38,1,920,105,256,0.41,44,130,0.338,61,126,0.484,0.496,18,27,0.667,33,110,143,57,51,13,49,71,272,"Cavaliers",2616975,"SG"
"72",10,"Dion Waiters",23,33,3,786,138,342,0.404,22,86,0.256,116,256,0.453,0.436,47,60,0.783,12,45,57,74,44,10,50,59,345,"Cavaliers",4062000,"SG"
"74",11,"Mike Miller",34,52,15,701,37,114,0.325,32,98,0.327,5,16,0.313,0.465,3,4,0.75,4,87,91,46,14,4,23,74,109,"Cavaliers",2732000,"SF"
"75",13,"Anderson Varejao",32,26,26,636,111,200,0.555,0,2,0,111,198,0.561,0.555,33,45,0.733,57,113,170,35,19,16,35,58,255,"Cavaliers",9704545,"C"
"76",14,"Joe Harris",23,51,1,493,48,120,0.4,31,84,0.369,17,36,0.472,0.529,9,15,0.6,7,34,41,26,7,2,27,62,136,"Cavaliers",884879,"SG"
"77",15,"Kendrick Perkins",30,17,0,167,20,41,0.488,0,0,NA,20,41,0.488,0.488,4,8,0.5,11,30,41,8,2,4,21,27,44,"Cavaliers",274573,"C"
"79",16,"Brendan Haywood",35,22,1,119,14,30,0.467,0,0,NA,14,30,0.467,0.467,7,13,0.538,6,23,29,2,2,10,10,17,35,"Cavaliers",2213668,"C"
"80",17,"A.J. Price",28,11,0,87,9,34,0.265,0,11,0,9,23,0.391,0.265,4,6,0.667,4,11,15,13,3,0,3,1,22,"Cavaliers",53838,"PG"
"83",18,"Lou Amundson",32,12,0,79,4,12,0.333,0,0,NA,4,12,0.333,0.333,3,5,0.6,5,15,20,5,1,0,5,11,11,"Cavaliers",409167,"PF"
"85",19,"Will Cherry",23,8,0,69,5,19,0.263,2,9,0.222,3,10,0.3,0.316,3,6,0.5,1,4,5,8,6,1,4,10,15,"Cavaliers",495399,"PG"
"86",1,"Avery Bradley",24,77,77,2428,434,1012,0.429,124,352,0.352,310,660,0.47,0.49,79,100,0.79,46,195,241,135,82,15,109,177,1071,"Celtics",7191011,"SG"
"87",2,"Evan Turner",26,82,57,2260,320,746,0.429,33,119,0.277,287,627,0.458,0.451,106,141,0.752,40,377,417,449,83,19,198,180,779,"Celtics",3278000,"SG"
"88",3,"Brandon Bass",29,82,43,1929,344,683,0.504,9,32,0.281,335,651,0.515,0.51,169,214,0.79,139,259,398,104,41,32,83,140,866,"Celtics",6900000,"PF"
"89",4,"Marcus Smart",20,67,38,1808,175,477,0.367,91,272,0.335,84,205,0.41,0.462,82,127,0.646,61,161,222,208,99,18,90,176,523,"Celtics",3283320,"PG"
"90",5,"Tyler Zeller",25,82,59,1731,340,619,0.549,0,0,NA,340,619,0.549,0.549,153,186,0.823,146,319,465,113,18,52,76,205,833,"Celtics",1703760,"C"
"91",6,"Jared Sullinger",22,58,49,1566,311,708,0.439,52,184,0.283,259,524,0.494,0.476,96,129,0.744,147,294,441,134,44,42,78,153,770,"Celtics",1424520,"PF"
"92",7,"Kelly Olynyk",23,64,13,1423,251,528,0.475,61,175,0.349,190,353,0.538,0.533,93,136,0.684,92,211,303,109,64,39,98,213,656,"Celtics",2075760,"C"
"93",8,"Jae Crowder",24,57,17,1382,196,469,0.418,48,170,0.282,148,299,0.495,0.469,99,130,0.762,60,204,264,82,57,20,39,111,539,"Celtics",915243,"SF"
"95",9,"Jeff Green",28,33,33,1093,206,475,0.434,47,154,0.305,159,321,0.495,0.483,121,144,0.84,21,120,141,53,27,13,56,66,580,"Celtics",9200000,"SF"
"97",10,"Rajon Rondo",28,22,22,699,81,200,0.405,8,32,0.25,73,168,0.435,0.425,12,36,0.333,25,140,165,237,37,3,75,42,182,"Celtics",12909090,"PG"
"99",11,"Marcus Thornton",27,39,0,640,127,305,0.416,52,124,0.419,75,181,0.414,0.502,42,51,0.824,19,54,73,34,21,7,22,35,348,"Celtics",8575000,"SG"
"101",12,"Phil Pressey",23,50,0,600,64,174,0.368,16,65,0.246,48,109,0.44,0.414,33,49,0.673,13,67,80,117,30,6,41,54,177,"Celtics",816482,"PG"
"102",13,"Isaiah Thomas",25,21,0,545,117,285,0.411,48,139,0.345,69,146,0.473,0.495,118,137,0.861,7,37,44,113,12,0,54,45,400,"Celtics",7238606,"PG"
"104",14,"Jonas Jerebko",27,29,0,527,78,181,0.431,26,64,0.406,52,117,0.444,0.503,25,30,0.833,46,94,140,30,19,7,18,58,207,"Celtics",4500000,"PF"
"106",15,"James Young",19,31,0,332,36,102,0.353,17,66,0.258,19,36,0.528,0.436,16,29,0.552,9,33,42,13,8,2,5,22,105,"Celtics",1674480,"SG"
"107",16,"Gerald Wallace",32,32,0,286,14,34,0.412,1,3,0.333,13,31,0.419,0.426,6,15,0.4,17,40,57,11,15,4,18,19,35,"Celtics",10105855,"SF"
"108",17,"Tayshaun Prince",34,9,0,198,33,59,0.559,5,8,0.625,28,51,0.549,0.602,5,6,0.833,6,24,30,18,5,2,4,7,76,"Celtics",7707865,"SF"
"111",18,"Luigi Datome",27,18,1,192,38,77,0.494,17,36,0.472,21,41,0.512,0.604,1,1,1,2,23,25,7,1,7,7,14,94,"Celtics",1750000,"SF"
"113",19,"Jameer Nelson",32,6,1,121,9,41,0.22,5,25,0.2,4,16,0.25,0.28,6,9,0.667,3,14,17,33,7,0,9,13,29,"Celtics",2732000,"PG"
"116",20,"Brandan Wright",27,8,0,86,12,21,0.571,0,0,NA,12,21,0.571,0.571,2,4,0.5,7,10,17,8,1,5,5,4,26,"Celtics",5e+06,"PF"
"119",21,"Shavlik Randolph",31,5,0,25,3,10,0.3,0,1,0,3,9,0.333,0.3,1,2,0.5,4,8,12,1,1,1,1,3,7,"Celtics",1227985,"PF"
"121",1,"Chris Paul",29,82,82,2857,568,1170,0.485,139,349,0.398,429,821,0.523,0.545,289,321,0.9,52,324,376,838,156,15,190,203,1564,"Clippers",20068563,"PG"
"122",2,"DeAndre Jordan",26,82,82,2820,379,534,0.71,1,4,0.25,378,530,0.713,0.711,187,471,0.397,397,829,1226,61,81,183,109,245,946,"Clippers",11440123,"C"
"123",3,"J.J. Redick",30,78,78,2409,447,938,0.477,200,458,0.437,247,480,0.515,0.583,183,203,0.901,22,145,167,137,39,8,95,134,1277,"Clippers",6792500,"SG"
"124",4,"Blake Griffin",25,67,67,2356,574,1144,0.502,10,25,0.4,564,1119,0.504,0.506,311,427,0.728,126,382,508,354,63,35,152,196,1469,"Clippers",17674613,"PF"
"125",5,"Matt Barnes",34,76,74,2271,277,624,0.444,136,376,0.362,141,248,0.569,0.553,74,95,0.779,51,251,302,114,67,50,87,240,764,"Clippers",3396250,"SF"
"126",6,"Jamal Crawford",34,64,4,1703,332,839,0.396,119,364,0.327,213,475,0.448,0.467,227,252,0.901,18,106,124,158,59,14,92,108,1010,"Clippers",5450000,"SG"
"127",7,"Spencer Hawes",26,73,15,1274,163,415,0.393,55,176,0.313,108,239,0.452,0.459,44,68,0.647,30,228,258,88,24,53,61,173,425,"Clippers",5305000,"PF"
"128",9,"Austin Rivers",22,41,2,791,117,274,0.427,25,81,0.309,92,193,0.477,0.473,32,55,0.582,15,69,84,68,30,7,35,81,291,"Clippers",2439840,"PG"
"130",12,"Reggie Bullock",23,25,2,263,23,54,0.426,15,39,0.385,8,15,0.533,0.565,4,5,0.8,0,40,40,6,9,2,6,17,65,"Clippers",1200720,"SF"
"132",14,"Nate Robinson",30,9,0,126,17,51,0.333,7,20,0.35,10,31,0.323,0.402,5,6,0.833,3,8,11,20,6,0,8,8,46,"Clippers",107676,"PG"
"134",15,"Dahntay Jones",34,33,0,123,6,21,0.286,0,4,0,6,17,0.353,0.286,9,11,0.818,1,10,11,2,3,0,1,23,21,"Clippers",387632,"SF"
"135",16,"Jordan Hamilton",24,14,2,122,14,35,0.4,10,21,0.476,4,14,0.286,0.543,0,0,NA,2,14,16,7,2,0,4,14,38,"Clippers",150591,"SF"
"136",18,"C.J. Wilcox",24,21,0,101,16,38,0.421,7,19,0.368,9,19,0.474,0.513,2,2,1,1,6,7,8,3,1,10,7,41,"Clippers",1109760,"SG"
"137",1,"Marc Gasol",30,81,81,2687,530,1072,0.494,3,17,0.176,527,1055,0.5,0.496,350,440,0.795,115,515,630,307,70,131,176,208,1413,"Griz",15829688,"C"
"138",2,"Courtney Lee",29,77,74,2354,288,643,0.448,90,224,0.402,198,419,0.473,0.518,111,129,0.86,21,157,178,151,75,12,78,129,777,"Griz",5450000,"SG"
"139",3,"Zach Randolph",33,71,71,2304,454,932,0.487,7,20,0.35,447,912,0.49,0.491,228,298,0.765,225,522,747,153,69,14,156,175,1143,"Griz",16500000,"PF"
"140",4,"Mike Conley",27,70,70,2225,393,882,0.446,107,277,0.386,286,605,0.473,0.506,214,249,0.859,29,180,209,375,89,14,156,139,1107,"Griz",8694216,"PG"
"141",5,"Tony Allen",33,63,41,1648,225,455,0.495,10,29,0.345,215,426,0.505,0.505,79,126,0.627,103,177,280,86,129,30,86,166,539,"Griz",4831461,"SG"
"142",6,"Beno Udrih",32,79,12,1494,246,505,0.487,26,97,0.268,220,408,0.539,0.513,87,102,0.853,20,123,143,220,46,8,89,88,605,"Griz",2077000,"PG"
"145",8,"Kosta Koufos",25,81,3,1348,182,358,0.508,0,0,NA,182,358,0.508,0.508,55,85,0.647,121,305,426,37,29,63,69,148,419,"Griz",3e+06,"C"
"146",9,"Vince Carter",38,66,1,1091,135,406,0.333,69,232,0.297,66,174,0.379,0.417,45,57,0.789,27,106,133,79,43,14,43,102,384,"Griz",3911981,"SG"
"147",10,"Nick Calathes",25,58,0,838,104,247,0.421,11,43,0.256,93,204,0.456,0.443,24,45,0.533,19,87,106,146,63,5,61,100,243,"Griz",816482,"SG"
"148",11,"Jon Leuer",25,63,6,824,121,273,0.443,7,29,0.241,114,244,0.467,0.456,37,59,0.627,50,157,207,46,17,9,35,86,286,"Griz",967500,"PF"
"152",13,"Quincy Pondexter",26,30,2,540,48,135,0.356,17,73,0.233,31,62,0.5,0.419,21,30,0.7,20,37,57,28,5,5,10,47,134,"Griz",3146068,"SG"
"154",14,"Jordan Adams",20,30,0,248,35,86,0.407,10,25,0.4,25,61,0.41,0.465,14,23,0.609,9,19,28,16,16,7,14,24,94,"Griz",1344120,"SG"
"155",15,"JaMychal Green",24,20,1,139,23,40,0.575,0,4,0,23,36,0.639,0.575,8,10,0.8,16,23,39,4,5,3,12,19,54,"Griz",134295,"PF"
"157",16,"Jarnell Stokes",21,19,2,126,21,37,0.568,0,0,NA,21,37,0.568,0.568,15,28,0.536,16,18,34,4,5,5,7,25,57,"Griz",725000,"PF"
"158",17,"Russ Smith",23,6,0,36,6,15,0.4,1,5,0.2,5,10,0.5,0.433,12,13,0.923,1,2,3,6,3,0,5,7,25,"Griz",507336,"PG"
"160",18,"Tyrus Thomas",28,2,0,7,1,1,1,0,0,NA,1,1,1,1,2,2,1,0,0,0,1,0,0,0,0,4,"Griz",53838,"PF"
"161",19,"Kalin Lucas",25,1,0,6,0,1,0,0,0,NA,0,1,0,0,0,0,NA,0,0,0,0,1,0,0,1,0,"Griz",486446,"PG"
"162",1,"Kyle Korver",33,75,75,2418,292,600,0.487,221,449,0.492,71,151,0.47,0.671,106,118,0.898,15,289,304,196,52,42,107,140,911,"Hawks",6253521,"SG"
"163",2,"Paul Millsap",29,73,73,2390,443,930,0.476,77,216,0.356,366,714,0.513,0.518,255,337,0.757,139,431,570,223,130,69,166,201,1218,"Hawks",9500000,"PF"
"164",3,"Al Horford",28,76,76,2318,519,965,0.538,11,36,0.306,508,929,0.547,0.544,107,141,0.759,131,413,544,244,68,98,100,121,1156,"Hawks",1.2e+07,"C"
"165",4,"Jeff Teague",26,73,72,2228,408,887,0.46,71,207,0.343,337,680,0.496,0.5,275,319,0.862,30,154,184,513,125,31,205,139,1162,"Hawks",8e+06,"PG"
"166",5,"DeMarre Carroll",28,70,69,2189,318,653,0.487,120,304,0.395,198,349,0.567,0.579,127,181,0.702,99,273,372,118,94,17,75,154,883,"Hawks",2442455,"SF"
"167",6,"Dennis Schroder",21,77,10,1516,284,665,0.427,52,148,0.351,232,517,0.449,0.466,148,179,0.827,29,135,164,317,49,4,150,127,768,"Hawks",1690680,"PG"
"168",7,"Kent Bazemore",25,75,10,1324,141,331,0.426,48,132,0.364,93,199,0.467,0.498,60,100,0.6,21,201,222,78,52,33,73,127,390,"Hawks",2e+06,"SG"
"169",8,"Mike Scott",26,68,0,1123,201,453,0.444,66,192,0.344,135,261,0.517,0.517,61,77,0.792,45,154,199,75,25,3,39,83,529,"Hawks",3333333,"PF"
"170",9,"Pero Antic",32,63,3,1037,108,296,0.365,52,173,0.301,56,123,0.455,0.453,88,123,0.715,58,131,189,49,18,14,49,132,356,"Hawks",1250000,"PF"
"171",10,"Thabo Sefolosha",30,52,7,976,104,249,0.418,25,78,0.321,79,171,0.462,0.468,45,58,0.776,53,170,223,75,53,21,38,67,278,"Hawks",4150000,"SF"
"172",11,"Shelvin Mack",24,55,0,833,117,292,0.401,40,127,0.315,77,165,0.467,0.469,25,31,0.806,8,71,79,155,30,2,49,32,299,"Hawks",2433333,"PG"
"173",12,"Mike Muscala",23,40,8,502,83,151,0.55,9,22,0.409,74,129,0.574,0.579,22,25,0.88,52,67,119,25,16,19,21,52,197,"Hawks",816482,"PF"
"174",14,"John Jenkins",23,24,3,297,49,99,0.495,21,52,0.404,28,47,0.596,0.601,16,19,0.842,2,37,39,13,10,0,8,15,135,"Hawks",1312920,"SG"
"175",15,"Austin Daye",26,8,0,76,10,26,0.385,5,14,0.357,5,12,0.417,0.481,1,2,0.5,4,10,14,8,4,2,5,9,26,"Hawks",53838,"SF"
"177",16,"Adreian Payne",23,3,0,19,2,7,0.286,0,1,0,2,6,0.333,0.286,1,2,0.5,1,3,4,0,1,0,0,4,5,"Hawks",1855320,"PF"
"179",1,"Luol Deng",29,72,72,2421,369,787,0.469,78,220,0.355,291,567,0.513,0.518,191,251,0.761,103,273,376,139,65,22,108,109,1007,"Heat",9714461,"SF"
"180",2,"Mario Chalmers",28,80,37,2368,267,663,0.403,73,248,0.294,194,415,0.467,0.458,206,266,0.774,24,182,206,307,122,10,173,251,813,"Heat",4e+06,"PG"
"181",3,"Dwyane Wade",33,62,62,1971,509,1084,0.47,29,102,0.284,480,982,0.489,0.483,284,370,0.768,58,161,219,299,73,21,209,105,1331,"Heat",1.5e+07,"SG"
"182",4,"Chris Bosh",30,44,44,1556,343,745,0.46,63,168,0.375,280,577,0.485,0.503,179,232,0.772,46,264,310,95,41,25,95,69,928,"Heat",20644400,"C"
"183",5,"Norris Cole",26,47,23,1148,118,306,0.386,27,102,0.265,91,204,0.446,0.43,32,46,0.696,12,96,108,165,42,8,58,75,295,"Heat",2038206,"PG"
"185",6,"Hassan Whiteside",25,48,32,1142,243,387,0.628,0,0,NA,243,387,0.628,0.628,78,156,0.5,145,337,482,6,27,123,58,129,564,"Heat",769881,"C"
"186",7,"Chris Andersen",36,60,20,1132,120,207,0.58,4,13,0.308,116,194,0.598,0.589,76,114,0.667,76,223,299,43,26,61,40,88,320,"Heat",5375000,"C"
"187",8,"James Ennis",24,62,3,1051,101,247,0.409,31,95,0.326,70,152,0.461,0.472,79,94,0.84,51,125,176,48,25,17,39,89,312,"Heat",507336,"SF"
"188",9,"Shabazz Napier",23,51,10,1012,87,228,0.382,43,118,0.364,44,110,0.4,0.476,44,56,0.786,17,96,113,130,40,4,81,76,261,"Heat",1238640,"PG"
"189",10,"Udonis Haslem",34,62,25,995,107,239,0.448,2,10,0.2,105,229,0.459,0.452,45,64,0.703,71,187,258,46,21,13,41,113,261,"Heat",2732000,"PF"
"190",11,"Shawne Williams",28,44,22,924,102,240,0.425,60,152,0.395,42,88,0.477,0.55,28,33,0.848,27,112,139,36,21,17,23,116,292,"Heat",1227985,"SF"
"192",12,"Goran Dragic",28,26,26,905,162,323,0.502,24,73,0.329,138,250,0.552,0.539,84,104,0.808,30,59,89,139,28,6,59,75,432,"Heat",7500000,"PG"
"194",13,"Henry Walker",27,24,13,628,58,168,0.345,45,132,0.341,13,36,0.361,0.479,14,18,0.778,7,75,82,29,24,9,24,76,175,"Heat",196217,"SF"
"195",15,"Tyler Johnson",22,32,2,603,70,167,0.419,18,48,0.375,52,119,0.437,0.473,32,47,0.681,14,67,81,42,33,9,30,42,190,"Heat",199950,"SG"
"196",16,"Michael Beasley",26,24,1,505,92,212,0.434,8,34,0.235,84,178,0.472,0.453,20,26,0.769,12,77,89,32,15,13,37,66,212,"Heat",195440,"SF"
"197",17,"Josh McRoberts",27,17,4,296,28,53,0.528,8,19,0.421,20,34,0.588,0.604,8,13,0.615,7,38,45,33,12,3,22,41,72,"Heat",5305000,"PF"
"198",20,"Zoran Dragic",25,10,1,62,9,22,0.409,3,9,0.333,6,13,0.462,0.477,1,2,0.5,3,2,5,4,2,0,5,5,22,"Heat",1706225,"SG"
"200",21,"Andre Dawkins",23,4,0,22,1,6,0.167,1,6,0.167,0,0,NA,0.25,0,0,NA,0,2,2,1,0,0,1,3,3,"Heat",29843,"SG"
"201",1,"Gerald Henderson",27,80,72,2315,370,847,0.437,45,136,0.331,325,711,0.457,0.463,184,217,0.848,36,237,273,206,51,22,110,135,969,"Hornets",6e+06,"SG"
"202",2,"Kemba Walker",24,62,58,2119,378,981,0.385,85,280,0.304,293,701,0.418,0.429,234,283,0.827,35,185,220,318,89,31,100,92,1075,"Hornets",3272091,"PG"
"203",3,"Marvin Williams",28,78,37,2035,210,495,0.424,95,265,0.358,115,230,0.5,0.52,62,87,0.713,58,328,386,100,69,36,60,146,577,"Hornets",7e+06,"PF"
"204",4,"Al Jefferson",30,65,61,1992,486,1010,0.481,2,5,0.4,484,1005,0.482,0.482,108,165,0.655,99,449,548,113,47,84,68,139,1082,"Hornets",13500000,"C"
"205",5,"Michael Kidd-Gilchrist",21,55,52,1587,224,482,0.465,0,0,NA,224,482,0.465,0.465,150,214,0.701,109,307,416,77,30,38,63,115,598,"Hornets",5016960,"SF"
"206",6,"Lance Stephenson",24,61,25,1573,207,550,0.376,18,105,0.171,189,445,0.425,0.393,69,110,0.627,39,238,277,240,38,8,128,134,501,"Hornets",9e+06,"SG"
"207",7,"Cody Zeller",22,62,45,1487,172,373,0.461,1,1,1,171,372,0.46,0.462,127,164,0.774,97,265,362,100,34,49,62,156,472,"Hornets",4030560,"C"
"208",8,"Brian Roberts",29,72,10,1330,176,452,0.389,62,193,0.321,114,259,0.44,0.458,66,74,0.892,13,96,109,162,33,6,57,75,480,"Hornets",2732000,"PG"
"209",9,"Bismack Biyombo",22,64,21,1243,101,186,0.543,0,0,NA,101,186,0.543,0.543,102,175,0.583,159,248,407,16,18,99,52,140,304,"Hornets",3873398,"C"
"210",10,"Gary Neal",30,43,0,931,143,398,0.359,39,133,0.293,104,265,0.392,0.408,88,102,0.863,14,80,94,80,16,1,55,70,413,"Hornets",3250000,"SG"
"212",11,"Jason Maxiell",31,61,0,878,81,192,0.422,0,0,NA,81,192,0.422,0.422,41,71,0.577,86,117,203,19,18,44,29,96,203,"Hornets",915243,"PF"
"213",12,"Mo Williams",32,27,14,831,161,413,0.39,60,178,0.337,101,235,0.43,0.462,83,93,0.892,9,67,76,163,16,6,70,59,465,"Hornets",3965074,"PG"
"215",13,"P.J. Hairston",22,45,2,687,87,269,0.323,49,163,0.301,38,106,0.358,0.414,31,36,0.861,22,70,92,21,21,13,22,61,254,"Hornets",1149720,"SG"
"216",15,"Noah Vonleh",19,25,0,259,30,76,0.395,5,13,0.385,25,63,0.397,0.428,18,26,0.692,28,58,86,4,4,9,11,20,83,"Hornets",2524200,"PF"
"217",16,"Troy Daniels",23,11,0,135,27,59,0.458,17,36,0.472,10,23,0.435,0.602,6,7,0.857,2,6,8,5,3,1,7,12,77,"Hornets",816482,"SG"
"220",17,"Jannero Pargo",35,9,0,73,15,35,0.429,9,22,0.409,6,13,0.462,0.557,2,2,1,0,3,3,8,0,0,3,8,41,"Hornets",915243,"PG"
"221",2,"Trey Burke",22,76,43,2288,370,1005,0.368,124,390,0.318,246,615,0.4,0.43,109,145,0.752,31,173,204,328,65,15,124,119,973,"Jazz",2548560,"PG"
"222",3,"Derrick Favors",23,74,74,2280,482,918,0.525,1,6,0.167,481,912,0.527,0.526,222,332,0.669,196,411,607,112,60,123,121,210,1187,"Jazz",12950000,"PF"
"223",4,"Rudy Gobert",22,82,37,2158,258,427,0.604,0,2,0,258,425,0.607,0.604,170,273,0.623,265,510,775,109,64,189,111,175,686,"Jazz",1127400,"C"
"224",5,"Dante Exum",19,82,41,1817,145,416,0.349,83,264,0.314,62,152,0.408,0.448,20,32,0.625,27,104,131,198,41,14,118,147,393,"Jazz",3615000,"PG"
"225",8,"Enes Kanter",22,49,48,1326,286,582,0.491,13,41,0.317,273,541,0.505,0.503,93,118,0.788,147,237,384,26,23,16,93,114,678,"Jazz",5694674,"C"
"227",9,"Rodney Hood",22,50,21,1064,155,374,0.414,62,170,0.365,93,204,0.456,0.497,61,80,0.763,9,108,117,83,30,12,45,119,433,"Jazz",1290360,"SG"
"228",10,"Elijah Millsap",27,47,5,924,81,238,0.34,28,90,0.311,53,148,0.358,0.399,58,86,0.674,28,122,150,58,56,16,67,124,248,"Jazz",241731,"SG"
"229",11,"Alec Burks",23,27,27,899,121,300,0.403,26,68,0.382,95,232,0.409,0.447,106,129,0.822,19,95,114,82,17,5,52,64,374,"Jazz",3034356,"SG"
"230",12,"Jeremy Evans",27,38,0,266,32,58,0.552,2,5,0.4,30,53,0.566,0.569,24,29,0.828,26,45,71,13,11,12,5,29,90,"Jazz",1794871,"SF"
"234",15,"Bryce Cotton",22,15,0,159,29,69,0.42,7,20,0.35,22,49,0.449,0.471,15,18,0.833,3,15,18,15,4,0,12,6,80,"Jazz",92514,"PG"
"235",16,"Steve Novak",31,22,0,109,16,35,0.457,16,33,0.485,0,2,0,0.686,0,2,0,1,15,16,6,0,1,3,13,48,"Jazz",3445947,"SF"
"237",17,"Jack Cooley",23,16,0,87,9,22,0.409,0,0,NA,9,22,0.409,0.409,9,21,0.429,10,15,25,1,6,3,3,23,27,"Jazz",59686,"PF"
"238",18,"Elliot Williams",25,5,0,42,6,13,0.462,5,7,0.714,1,6,0.167,0.654,1,2,0.5,0,3,3,4,2,0,4,1,18,"Jazz",107676,"SG"
"240",19,"Patrick Christopher",26,4,1,29,3,12,0.25,0,4,0,3,8,0.375,0.25,0,0,NA,2,4,6,0,1,0,1,6,6,"Jazz",379010,"SG"
"241",22,"Toure' Murry",25,1,0,1,0,1,0,0,0,NA,0,1,0,0,0,0,NA,0,0,0,0,0,0,0,0,0,"Jazz",96056,"PG"
"243",1,"Ben McLemore",21,82,82,2670,363,831,0.437,140,391,0.358,223,440,0.507,0.521,130,160,0.813,31,210,241,140,77,19,138,219,996,"Kings",3026280,"SG"
"244",2,"Rudy Gay",28,68,67,2408,508,1116,0.455,79,220,0.359,429,896,0.479,0.491,337,393,0.858,98,301,399,250,71,41,183,157,1432,"Kings",19317326,"SF"
"245",3,"DeMarcus Cousins",24,59,59,2013,498,1066,0.467,2,8,0.25,496,1058,0.469,0.468,423,541,0.782,185,562,747,210,90,103,254,241,1421,"Kings",14746000,"C"
"246",4,"Jason Thompson",28,81,63,1991,201,428,0.47,0,1,0,201,427,0.471,0.47,89,143,0.622,139,391,530,85,33,57,84,239,491,"Kings",6037500,"PF"
"247",5,"Darren Collison",27,45,45,1565,260,550,0.473,60,161,0.373,200,389,0.514,0.527,145,184,0.788,19,124,143,252,67,14,112,95,725,"Kings",4797664,"PG"
"248",6,"Derrick Williams",23,74,6,1462,217,485,0.447,49,156,0.314,168,329,0.511,0.498,134,196,0.684,41,161,202,50,34,4,56,67,617,"Kings",6331404,"PF"
"249",7,"Ray McCallum",23,68,30,1436,206,470,0.438,34,111,0.306,172,359,0.479,0.474,57,84,0.679,52,128,180,188,45,11,85,92,503,"Kings",816482,"PG"
"250",9,"Carl Landry",31,70,15,1192,190,369,0.515,0,0,NA,190,369,0.515,0.515,123,150,0.82,99,169,268,26,15,17,54,132,503,"Kings",6500000,"PF"
"251",10,"Nik Stauskas",21,73,1,1127,108,296,0.365,48,149,0.322,60,147,0.408,0.446,55,64,0.859,11,77,88,67,20,17,40,92,319,"Kings",2745840,"SG"
"252",11,"Reggie Evans",34,47,7,764,58,137,0.423,0,2,0,58,135,0.43,0.423,60,97,0.619,97,202,299,32,22,5,45,91,176,"Kings",1768653,"PF"
"253",12,"Ramon Sessions",28,36,7,642,63,183,0.344,6,28,0.214,57,155,0.368,0.361,64,88,0.727,13,56,69,96,13,0,51,45,196,"Kings",2077000,"PG"
"255",13,"Andre Miller",38,30,0,622,68,148,0.459,6,26,0.231,62,122,0.508,0.48,30,38,0.789,16,60,76,141,18,4,58,47,172,"Kings",4650000,"PG"
"257",14,"Ryan Hollins",30,46,9,441,53,82,0.646,0,0,NA,53,82,0.646,0.646,31,54,0.574,36,67,103,14,6,19,25,65,137,"Kings",915243,"C"
"258",15,"Quincy Miller",22,6,0,61,4,18,0.222,1,7,0.143,3,11,0.273,0.25,8,11,0.727,2,10,12,3,6,3,3,4,17,"Kings",183049,"PF"
"260",16,"David Stockton",23,3,0,33,2,6,0.333,1,2,0.5,1,4,0.25,0.417,3,6,0.5,0,2,2,9,2,0,4,1,8,"Kings",29483,"PG"
"261",18,"Sim Bhullar",22,3,0,3,1,2,0.5,0,0,NA,1,2,0.5,0.5,0,0,NA,0,1,1,1,0,1,0,0,2,"Kings",507336,"C"
"262",1,"Shane Larkin",22,76,22,1865,187,432,0.433,35,116,0.302,152,316,0.481,0.473,61,78,0.782,29,147,176,226,93,9,83,150,470,"Knicks",1606080,"PG"
"263",2,"Jason Smith",28,82,31,1785,257,592,0.434,15,42,0.357,242,550,0.44,0.447,127,153,0.83,98,226,324,140,32,44,104,205,656,"Knicks",3278000,"C"
"264",4,"Langston Galloway",23,45,41,1457,204,511,0.399,62,176,0.352,142,335,0.424,0.46,63,78,0.808,37,153,190,150,52,12,61,129,533,"Knicks",235762,"PG"
"265",5,"Carmelo Anthony",30,40,40,1428,358,806,0.444,61,179,0.341,297,627,0.474,0.482,189,237,0.797,72,192,264,122,40,17,89,87,966,"Knicks",22458401,"SF"
"266",7,"Jose Calderon",33,42,42,1270,147,354,0.415,59,142,0.415,88,212,0.415,0.499,29,32,0.906,19,105,124,198,31,0,75,76,382,"Knicks",7097191,"PG"
"267",8,"Lance Thomas",26,40,24,1040,137,316,0.434,7,21,0.333,130,295,0.441,0.445,49,66,0.742,37,83,120,49,26,8,57,63,330,"Knicks",403784,"PF"
"269",9,"Cole Aldrich",26,61,16,976,144,301,0.478,0,0,NA,144,301,0.478,0.478,50,64,0.781,101,237,338,75,37,65,59,122,338,"Knicks",915243,"C"
"270",10,"Amar'e Stoudemire",32,36,14,865,169,311,0.543,0,3,0,169,308,0.549,0.543,94,127,0.74,83,162,245,37,20,34,63,111,432,"Knicks",306876,"PF"
"274",12,"Pablo Prigioni",37,43,3,795,68,161,0.422,43,115,0.374,25,46,0.543,0.556,22,26,0.846,18,62,80,104,52,1,47,53,201,"Knicks",1662961,"PG"
"276",13,"Andrea Bargnani",29,29,22,785,164,361,0.454,15,41,0.366,149,320,0.466,0.475,87,107,0.813,32,95,127,46,2,27,42,53,430,"Knicks",11500000,"C"
"281",18,"Samuel Dalembert",33,32,21,544,57,130,0.438,0,0,NA,57,130,0.438,0.438,14,20,0.7,53,115,168,29,14,41,39,70,128,"Knicks",4051527,"C"
"285",20,"Ricky Ledo",22,12,0,233,32,90,0.356,10,24,0.417,22,66,0.333,0.411,15,20,0.75,15,19,34,18,6,1,24,20,89,"Knicks",48028,"SG"
"287",2,"Jeremy Lin",26,74,30,1907,277,654,0.424,65,176,0.369,212,478,0.444,0.473,213,268,0.795,26,170,196,339,82,32,166,189,832,"Lakers",8374646,"PG"
"288",3,"Jordan Hill",27,70,57,1874,357,777,0.459,3,11,0.273,354,766,0.462,0.461,124,168,0.738,174,382,556,103,34,52,106,164,841,"Lakers",9e+06,"C"
"289",4,"Ed Davis",25,79,24,1840,282,469,0.601,0,0,NA,282,469,0.601,0.601,92,189,0.487,230,370,600,94,49,98,58,202,656,"Lakers",981084,"PF"
"290",5,"Carlos Boozer",33,71,26,1692,371,743,0.499,0,0,NA,371,743,0.499,0.499,94,150,0.627,111,371,482,95,41,12,92,184,836,"Lakers",3251000,"PF"
"291",8,"Ryan Kelly",23,52,34,1233,104,309,0.337,45,134,0.336,59,175,0.337,0.409,79,95,0.832,13,133,146,92,30,24,37,118,332,"Lakers",1650000,"PF"
"292",9,"Kobe Bryant",36,35,35,1207,266,713,0.373,54,184,0.293,212,529,0.401,0.411,196,241,0.813,26,173,199,197,47,7,128,65,782,"Lakers",23500000,"SG"
"293",11,"Nick Young",29,42,0,1000,174,476,0.366,83,225,0.369,91,251,0.363,0.453,132,148,0.892,17,79,96,41,23,11,44,83,563,"Lakers",4994420,"SG"
"294",12,"Ronnie Price",31,43,20,982,77,223,0.345,31,109,0.284,46,114,0.404,0.415,36,45,0.8,19,50,69,165,67,4,52,118,221,"Lakers",915243,"PG"
"295",14,"Jabari Brown",22,19,5,568,70,170,0.412,23,62,0.371,47,108,0.435,0.479,64,85,0.753,3,33,36,40,12,2,32,33,227,"Lakers",59686,"SG"
"296",16,"Xavier Henry",23,9,0,86,3,13,0.231,0,0,NA,3,13,0.231,0.231,14,24,0.583,2,2,4,3,3,0,3,6,20,"Lakers",1082000,"SF"
"297",18,"Julius Randle",20,1,0,14,1,3,0.333,0,0,NA,1,3,0.333,0.333,0,2,0,0,0,0,0,0,0,1,1,2,"Lakers",2997360,"PF"
"298",1,"Victor Oladipo",22,72,71,2573,473,1086,0.436,84,248,0.339,389,838,0.464,0.474,262,320,0.819,51,251,302,295,120,19,204,187,1292,"Magic",4978200,"SG"
"299",2,"Nikola Vucevic",24,74,74,2529,631,1206,0.523,2,6,0.333,629,1200,0.524,0.524,164,218,0.752,238,572,810,147,54,54,148,220,1428,"Magic",2751260,"C"
"300",3,"Elfrid Payton",20,82,63,2489,301,708,0.425,11,42,0.262,290,666,0.435,0.433,118,214,0.551,107,242,349,533,142,20,203,193,731,"Magic",2397840,"PG"
"301",4,"Tobias Harris",22,68,63,2369,442,949,0.466,87,239,0.364,355,710,0.5,0.512,193,245,0.788,73,357,430,124,69,36,115,134,1164,"Magic",2380594,"SF"
"302",5,"Channing Frye",31,75,51,1870,191,487,0.392,136,346,0.393,55,141,0.39,0.532,31,35,0.886,27,266,293,94,47,39,78,191,549,"Magic",8579088,"PF"
"303",6,"Evan Fournier",22,58,32,1661,253,575,0.44,85,225,0.378,168,350,0.48,0.514,107,147,0.728,28,125,153,120,40,2,82,116,698,"Magic",1483920,"SG"
"304",7,"Willie Green",33,52,2,951,118,306,0.386,42,121,0.347,76,185,0.411,0.454,28,34,0.824,14,65,79,68,26,5,48,81,306,"Magic",1448490,"SG"
"305",10,"Aaron Gordon",19,47,8,797,93,208,0.447,13,48,0.271,80,160,0.5,0.478,44,61,0.721,46,123,169,33,21,22,38,83,243,"Magic",3992040,"PF"
"306",12,"Luke Ridnour",33,47,0,683,75,176,0.426,20,63,0.317,55,113,0.487,0.483,18,21,0.857,8,60,68,96,20,4,38,67,188,"Magic",2750000,"PG"
"307",13,"Maurice Harkless",21,45,4,674,63,158,0.399,10,56,0.179,53,102,0.52,0.43,22,41,0.537,38,68,106,25,32,9,27,66,158,"Magic",1887840,"SF"
"308",14,"Andrew Nicholson",25,40,3,492,83,190,0.437,13,41,0.317,70,149,0.47,0.471,15,25,0.6,17,65,82,22,6,12,24,51,194,"Magic",1545840,"PF"
"309",15,"Devyn Marble",22,16,7,208,14,44,0.318,4,22,0.182,10,22,0.455,0.364,5,16,0.313,5,26,31,17,9,2,9,14,37,"Magic",884879,"SG"
"310",1,"Monta Ellis",29,80,80,2699,602,1354,0.445,81,284,0.285,521,1070,0.487,0.475,228,303,0.752,34,156,190,329,148,25,198,197,1513,"Mavs",8360000,"SG"
"311",2,"Tyson Chandler",32,75,75,2286,293,440,0.666,0,0,NA,293,440,0.666,0.666,185,257,0.72,294,570,864,84,42,91,105,169,771,"Mavs",14846888,"C"
"312",3,"Dirk Nowitzki",36,77,77,2282,487,1062,0.459,104,274,0.38,383,788,0.486,0.508,255,289,0.882,44,413,457,143,39,33,82,160,1333,"Mavs",7974482,"PF"
"313",4,"Chandler Parsons",26,66,66,2186,383,829,0.462,132,347,0.38,251,482,0.521,0.542,139,193,0.72,64,259,323,161,69,19,96,140,1037,"Mavs",14700000,"SF"
"314",5,"Devin Harris",31,76,3,1685,219,524,0.418,95,266,0.357,124,258,0.481,0.509,132,162,0.815,13,122,135,237,78,14,85,147,665,"Mavs",3878896,"PG"
"315",6,"Al-Farouq Aminu",24,74,3,1366,147,357,0.412,34,124,0.274,113,233,0.485,0.459,84,118,0.712,114,228,342,59,70,62,55,137,412,"Mavs",981084,"SF"
"316",7,"J.J. Barea",30,77,10,1362,225,536,0.42,54,167,0.323,171,369,0.463,0.47,76,94,0.809,23,111,134,263,33,1,70,104,580,"Mavs",909859,"PG"
"327",15,"Raymond Felton",30,29,3,281,43,106,0.406,10,34,0.294,33,72,0.458,0.453,12,15,0.8,2,24,26,41,11,4,18,17,108,"Mavs",3793693,"PG"
"330",18,"Bernard James",29,16,2,158,12,27,0.444,0,0,NA,12,27,0.444,0.444,20,23,0.87,18,21,39,4,2,15,6,17,44,"Mavs",236886,"C"
"333",1,"Joe Johnson",33,80,80,2791,446,1025,0.435,121,337,0.359,325,688,0.472,0.494,141,176,0.801,53,331,384,292,59,14,137,120,1154,"Nets",23180790,"SG"
"334",2,"Jarrett Jack",31,80,27,2241,359,817,0.439,39,146,0.267,320,671,0.477,0.463,200,227,0.881,19,226,245,373,75,13,191,143,957,"Nets",6300000,"PG"
"335",3,"Deron Williams",30,68,55,2114,298,771,0.387,87,237,0.367,211,534,0.395,0.443,201,241,0.834,29,208,237,448,64,17,154,157,884,"Nets",19754465,"PG"
"336",4,"Brook Lopez",26,72,44,2100,506,987,0.513,1,10,0.1,505,977,0.517,0.513,223,274,0.814,214,321,535,50,43,126,104,206,1236,"Nets",15719062,"C"
"337",6,"Alan Anderson",32,74,19,1744,195,440,0.443,73,210,0.348,122,230,0.53,0.526,82,101,0.812,31,173,204,83,56,5,60,148,545,"Nets",1276061,"SG"
"338",7,"Mason Plumlee",24,82,45,1743,280,489,0.573,0,3,0,280,486,0.576,0.573,157,317,0.495,175,337,512,74,65,63,106,207,717,"Nets",1357080,"C"
"339",8,"Mirza Teletovic",29,40,4,892,122,319,0.382,62,193,0.321,60,126,0.476,0.48,33,46,0.717,27,167,194,46,14,16,53,74,339,"Nets",3368100,"PF"
"340",10,"Thaddeus Young",26,28,20,829,162,327,0.495,19,50,0.38,143,277,0.516,0.524,43,71,0.606,52,114,166,38,38,8,42,56,386,"Nets",9410869,"PF"
"342",12,"Sergey Karasev",21,33,16,555,54,134,0.403,16,54,0.296,38,80,0.475,0.463,29,38,0.763,22,44,66,46,23,1,24,45,153,"Nets",1533840,"SG"
"343",13,"Cory Jefferson",24,50,1,531,75,167,0.449,2,15,0.133,73,152,0.48,0.455,31,54,0.574,47,98,145,16,10,21,20,61,183,"Nets",507336,"PF"
"344",15,"Darius Morris",24,38,0,299,36,106,0.34,7,33,0.212,29,73,0.397,0.373,4,9,0.444,7,20,27,48,9,0,21,20,83,"Nets",702756,"PG"
"347",19,"Andrei Kirilenko",33,7,0,36,0,5,0,0,0,NA,0,5,0,0,3,4,0.75,2,6,8,1,1,0,1,1,3,"Nets",3326235,"SF"
"348",1,"Ty Lawson",27,75,75,2665,404,926,0.436,70,205,0.341,334,721,0.463,0.474,265,363,0.73,42,192,234,720,92,9,185,128,1143,"Nuggets",11595506,"PG"
"349",2,"Wilson Chandler",27,78,75,2471,418,975,0.429,139,406,0.342,279,569,0.49,0.5,110,142,0.775,96,379,475,134,58,29,110,231,1085,"Nuggets",6757913,"SF"
"350",3,"Kenneth Faried",25,75,71,2086,373,736,0.507,1,8,0.125,372,728,0.511,0.507,199,288,0.691,242,426,668,89,62,57,118,211,946,"Nuggets",2249768,"PF"
"351",4,"Arron Afflalo",29,53,53,1750,281,657,0.428,82,243,0.337,199,414,0.481,0.49,127,151,0.841,21,159,180,101,32,5,83,108,771,"Nuggets",7500000,"SG"
"353",5,"Danilo Gallinari",26,59,27,1426,228,568,0.401,107,301,0.355,121,267,0.453,0.496,171,191,0.895,31,187,218,83,47,20,57,94,734,"Nuggets",10854850,"SF"
"354",7,"Jusuf Nurkic",20,62,27,1103,171,383,0.446,0,2,0,171,381,0.449,0.446,84,132,0.636,125,257,382,50,52,68,86,207,426,"Nuggets",1762680,"C"
"355",8,"Randy Foye",31,50,21,1087,148,402,0.368,94,263,0.357,54,139,0.388,0.485,45,55,0.818,9,76,85,119,34,11,60,97,435,"Nuggets",3e+06,"SG"
"356",9,"Darrell Arthur",26,58,4,988,155,384,0.404,26,110,0.236,129,274,0.471,0.438,46,59,0.78,53,118,171,57,48,26,47,146,382,"Nuggets",3457149,"PF"
"359",11,"Gary Harris",20,55,6,719,66,217,0.304,21,103,0.204,45,114,0.395,0.353,35,47,0.745,21,43,64,29,39,7,38,71,188,"Nuggets",1519200,"SG"
"365",17,"Joffrey Lauvergne",23,24,1,268,36,89,0.404,3,16,0.188,33,73,0.452,0.421,18,28,0.643,27,50,77,13,8,10,22,43,93,"Nuggets",1790281,"C"
"368",1,"Solomon Hill",23,82,78,2381,251,634,0.396,68,208,0.327,183,426,0.43,0.45,159,193,0.824,70,244,314,184,66,18,115,177,729,"Pacers",1302840,"SF"
"369",2,"Roy Hibbert",28,76,76,1926,317,710,0.446,0,2,0,317,708,0.448,0.446,168,204,0.824,156,384,540,84,18,125,107,216,802,"Pacers",14898938,"C"
"370",5,"C.J. Miles",27,70,40,1841,329,827,0.398,154,446,0.345,175,381,0.459,0.491,130,161,0.807,18,196,214,75,60,26,73,132,942,"Pacers",4205000,"SG"
"371",6,"Luis Scola",34,81,16,1659,300,642,0.467,5,20,0.25,295,622,0.474,0.471,158,226,0.699,138,388,526,105,47,18,94,192,763,"Pacers",4868499,"PF"
"372",7,"C.J. Watson",30,57,21,1422,181,417,0.434,70,175,0.4,111,242,0.459,0.518,138,167,0.826,18,145,163,208,57,9,100,107,570,"Pacers",2077000,"PG"
"373",9,"Ian Mahinmi",28,61,6,1146,117,212,0.552,0,0,NA,117,212,0.552,0.552,31,102,0.304,105,251,356,33,30,46,59,172,265,"Pacers",4e+06,"C"
"374",10,"Donald Sloan",27,53,21,1107,145,355,0.408,41,131,0.313,104,224,0.464,0.466,60,77,0.779,12,131,143,190,23,0,65,47,391,"Pacers",948163,"PG"
"375",12,"Damjan Rudez",28,68,2,1047,119,263,0.452,69,170,0.406,50,93,0.538,0.584,16,23,0.696,8,39,47,53,16,5,47,79,323,"Pacers",1100000,"SF"
"376",13,"Chris Copeland",30,50,12,828,112,310,0.361,52,167,0.311,60,143,0.42,0.445,33,45,0.733,23,88,111,51,11,11,59,78,309,"Pacers",3135000,"SF"
"380",16,"Paul George",24,6,0,91,18,49,0.367,9,22,0.409,9,27,0.333,0.459,8,11,0.727,4,18,22,6,5,1,12,11,53,"Pacers",15937290,"SF"
"381",1,"Tyreke Evans",25,79,76,2690,521,1165,0.447,69,227,0.304,452,938,0.482,0.477,202,291,0.694,82,334,416,521,100,37,246,198,1313,"Pelicans",11265416,"SF"
"382",2,"Anthony Davis",21,68,68,2455,642,1199,0.535,1,12,0.083,641,1187,0.54,0.536,371,461,0.805,173,523,696,149,100,200,95,141,1656,"Pelicans",5607240,"PF"
"383",3,"Eric Gordon",26,61,60,2018,285,694,0.411,141,315,0.448,144,379,0.38,0.512,107,133,0.805,28,131,159,229,50,14,122,145,818,"Pelicans",14898938,"SG"
"384",4,"Omer Asik",28,76,76,1982,213,412,0.517,0,0,NA,213,412,0.517,0.517,131,225,0.582,244,504,748,72,29,54,95,144,557,"Pelicans",8374646,"C"
"385",5,"Ryan Anderson",26,61,5,1675,291,729,0.399,122,359,0.34,169,370,0.457,0.483,129,151,0.854,108,187,295,55,33,20,62,113,833,"Pelicans",8491500,"PF"
"386",6,"Dante Cunningham",27,66,27,1652,155,339,0.457,1,10,0.1,154,329,0.468,0.459,29,47,0.617,70,186,256,50,46,37,35,101,340,"Pelicans",716043,"PF"
"387",7,"Jrue Holiday",24,40,37,1303,238,534,0.446,51,135,0.378,187,399,0.469,0.493,65,76,0.855,32,103,135,274,63,23,91,110,592,"Pelicans",9904495,"PG"
"390",9,"Alexis Ajinca",26,68,8,957,181,329,0.55,0,0,NA,181,329,0.55,0.55,81,99,0.818,104,211,315,47,21,51,69,151,443,"Pelicans",981084,"C"
"391",10,"Luke Babbitt",25,63,19,830,92,192,0.479,59,115,0.513,33,77,0.429,0.633,13,19,0.684,12,99,111,24,17,11,26,63,256,"Pelicans",981084,"SF"
"396",14,"John Salmons",35,21,0,270,16,48,0.333,8,26,0.308,8,22,0.364,0.417,2,4,0.5,4,17,21,13,9,4,5,25,42,"Pelicans",2e+06,"SF"
"397",15,"Jeff Withey",24,37,0,259,32,64,0.5,0,0,NA,32,64,0.5,0.5,34,50,0.68,23,41,64,11,4,18,12,26,98,"Pelicans",816482,"C"
"398",16,"Toney Douglas",28,12,0,177,19,51,0.373,5,18,0.278,14,33,0.424,0.422,8,13,0.615,2,20,22,24,11,4,10,20,51,"Pelicans",107676,"PG"
"401",19,"Gal Mekel",26,4,0,43,3,20,0.15,0,3,0,3,17,0.176,0.15,0,0,NA,0,1,1,13,2,0,2,1,6,"Pelicans",633974,"PG"
"404",1,"Kentavious Caldwell-Pope",21,82,82,2587,390,972,0.401,153,444,0.345,237,528,0.449,0.48,110,158,0.696,46,209,255,109,93,18,94,161,1043,"Pistons",2772480,"SG"
"405",2,"Andre Drummond",21,82,82,2502,494,961,0.514,0,2,0,494,959,0.515,0.514,142,365,0.389,437,667,1104,55,73,153,120,285,1130,"Pistons",2568360,"C"
"406",3,"Greg Monroe",24,69,57,2137,423,853,0.496,0,0,NA,423,853,0.496,0.496,252,336,0.75,229,475,704,142,78,34,149,148,1098,"Pistons",5479934,"PF"
"407",4,"Caron Butler",34,78,21,1623,161,396,0.407,83,219,0.379,78,177,0.441,0.511,55,61,0.902,21,175,196,79,43,4,49,120,460,"Pistons",4500000,"SF"
"408",5,"Jodie Meeks",27,60,0,1462,222,534,0.416,74,212,0.349,148,322,0.46,0.485,145,160,0.906,12,92,104,79,59,6,57,76,663,"Pistons",6e+06,"SG"
"409",6,"D.J. Augustin",27,54,13,1287,189,461,0.41,49,150,0.327,140,311,0.45,0.463,147,169,0.87,13,87,100,265,33,2,110,61,574,"Pistons",3e+06,"PG"
"411",7,"Kyle Singler",26,54,40,1287,140,350,0.4,76,187,0.406,64,163,0.393,0.509,29,36,0.806,23,116,139,67,33,14,42,98,385,"Pistons",1090000,"SF"
"413",10,"Josh Smith",29,28,28,896,153,391,0.391,9,37,0.243,144,354,0.407,0.403,52,111,0.468,52,150,202,132,37,48,72,82,367,"Pistons",2077000,"PF"
"415",11,"Reggie Jackson",24,27,27,870,183,420,0.436,28,83,0.337,155,337,0.46,0.469,82,103,0.796,28,98,126,248,20,4,95,73,476,"Pistons",2204369,"PG"
"422",14,"Spencer Dinwiddie",21,34,1,455,51,169,0.302,12,65,0.185,39,104,0.375,0.337,31,34,0.912,4,44,48,104,19,6,33,53,145,"Pistons",7e+05,"PG"
"423",15,"Joel Anthony",32,49,0,406,36,62,0.581,0,0,NA,36,62,0.581,0.581,15,22,0.682,32,61,93,5,12,49,12,55,87,"Pistons",3800000,"C"
"424",16,"John Lucas III",32,21,0,272,42,104,0.404,9,29,0.31,33,75,0.44,0.447,5,5,1,4,12,16,60,8,0,16,18,98,"Pistons",269189,"PG"
"425",17,"Cartier Martin",30,23,0,198,15,53,0.283,6,33,0.182,9,20,0.45,0.34,0,0,NA,0,20,20,11,3,1,5,20,36,"Pistons",1145685,"SF"
"432",1,"Kyle Lowry",28,70,70,2414,430,1043,0.412,132,391,0.338,298,652,0.457,0.476,252,312,0.808,54,274,328,473,109,13,173,212,1244,"Raptors",1.2e+07,"PG"
"433",2,"Patrick Patterson",25,81,4,2156,240,535,0.449,105,283,0.371,135,252,0.536,0.547,63,80,0.788,127,306,433,155,60,44,54,149,648,"Raptors",5831326,"PF"
"434",3,"DeMar DeRozan",25,60,60,2100,409,990,0.413,25,88,0.284,384,902,0.426,0.426,361,434,0.832,41,236,277,210,73,11,137,122,1204,"Raptors",10100000,"SG"
"435",4,"Jonas Valanciunas",22,80,80,2096,373,652,0.572,0,1,0,373,651,0.573,0.572,217,276,0.786,215,478,693,39,33,95,109,222,963,"Raptors",3678360,"C"
"436",5,"Terrence Ross",23,82,61,2092,309,753,0.41,145,390,0.372,164,363,0.452,0.507,44,56,0.786,32,194,226,86,53,25,69,136,807,"Raptors",2793960,"SF"
"437",7,"Greivis Vasquez",28,82,29,1991,296,725,0.408,133,351,0.379,163,374,0.436,0.5,50,66,0.758,22,194,216,302,46,10,119,177,775,"Raptors",6400000,"PG"
"438",8,"Amir Johnson",27,75,72,1979,298,519,0.574,19,46,0.413,279,473,0.59,0.592,79,129,0.612,159,297,456,117,44,59,110,225,694,"Raptors",7e+06,"PF"
"439",9,"James Johnson",27,70,17,1370,238,404,0.589,11,51,0.216,227,353,0.643,0.603,67,102,0.657,61,196,257,95,54,70,79,155,554,"Raptors",2500000,"PF"
"440",10,"Tyler Hansbrough",29,74,8,1058,86,165,0.521,1,7,0.143,85,158,0.538,0.524,97,139,0.698,106,159,265,21,30,15,20,141,270,"Raptors",3326235,"PF"
"441",11,"Chuck Hayes",31,29,0,255,22,46,0.478,0,0,NA,22,46,0.478,0.478,6,11,0.545,18,33,51,20,10,4,8,37,50,"Raptors",5958750,"C"
"442",12,"Landry Fields",26,26,9,216,20,41,0.488,1,2,0.5,19,39,0.487,0.5,5,6,0.833,10,16,26,15,11,0,8,9,46,"Raptors",6250000,"SF"
"443",14,"Lucas Nogueira",22,6,0,23,2,8,0.25,0,0,NA,2,8,0.25,0.25,2,4,0.5,2,9,11,1,2,0,2,6,6,"Raptors",1762680,"C"
"444",15,"Bruno Caboclo",19,8,0,23,4,12,0.333,2,3,0.667,2,9,0.222,0.417,0,0,NA,1,1,2,0,0,1,4,3,10,"Raptors",1458360,"SF"
"445",1,"James Harden",25,81,81,2981,647,1470,0.44,208,555,0.375,439,915,0.48,0.511,715,824,0.868,75,384,459,565,154,60,321,208,2217,"Rockets",14728844,"SG"
"446",2,"Trevor Ariza",29,82,82,2930,366,910,0.402,194,555,0.35,172,355,0.485,0.509,122,143,0.853,77,382,459,209,152,17,141,186,1048,"Rockets",8579089,"SF"
"447",3,"Donatas Motiejunas",24,71,62,2037,353,700,0.504,49,133,0.368,304,567,0.536,0.539,100,166,0.602,137,284,421,130,56,34,123,203,855,"Rockets",1483920,"PF"
"448",5,"Jason Terry",37,77,18,1641,188,446,0.422,126,323,0.39,62,123,0.504,0.563,39,48,0.813,15,106,121,147,66,19,74,116,541,"Rockets",5850313,"SG"
"449",6,"Corey Brewer",28,56,1,1407,249,580,0.429,55,194,0.284,194,386,0.503,0.477,113,148,0.764,48,155,203,95,60,15,81,111,666,"Rockets",4702500,"SF"
"453",8,"Dwight Howard",29,41,41,1223,251,423,0.593,1,2,0.5,250,421,0.594,0.595,143,271,0.528,110,321,431,50,28,53,115,137,646,"Rockets",21436271,"C"
"454",9,"Terrence Jones",23,33,24,889,158,299,0.528,13,37,0.351,145,262,0.553,0.55,57,94,0.606,78,142,220,36,18,59,37,78,386,"Rockets",1618680,"PF"
"455",10,"Joey Dorsey",31,69,17,854,80,145,0.552,0,1,0,80,144,0.556,0.552,24,83,0.289,103,176,279,25,40,25,41,157,184,"Rockets",948163,"PF"
"456",11,"Kostas Papanikolaou",24,43,1,795,69,197,0.35,31,106,0.292,38,91,0.418,0.429,13,18,0.722,39,79,118,85,29,13,55,71,182,"Rockets",4797664,"SF"
"464",18,"Clint Capela",20,12,0,90,14,29,0.483,0,0,NA,14,29,0.483,0.483,4,23,0.174,10,26,36,2,1,9,5,14,32,"Rockets",1189200,"C"
"468",1,"Danny Green",27,81,80,2312,322,738,0.436,191,457,0.418,131,281,0.466,0.566,111,127,0.874,54,289,343,158,101,87,93,163,946,"Spurs",4025000,"SG"
"469",2,"Tim Duncan",38,77,77,2227,419,819,0.512,2,7,0.286,417,812,0.514,0.513,230,311,0.74,170,534,704,230,63,151,131,165,1070,"Spurs",10361446,"PF"
"470",3,"Kawhi Leonard",23,64,64,2033,394,822,0.479,67,192,0.349,327,630,0.519,0.52,202,252,0.802,85,376,461,161,148,48,97,128,1057,"Spurs",2894059,"SF"
"471",4,"Boris Diaw",32,81,15,1984,291,632,0.46,54,169,0.32,237,463,0.512,0.503,72,93,0.774,78,270,348,233,36,23,126,148,708,"Spurs",7500000,"PF"
"472",5,"Tony Parker",32,68,68,1953,404,832,0.486,38,89,0.427,366,743,0.493,0.508,130,166,0.783,15,114,129,335,44,2,146,108,976,"Spurs",12500000,"PG"
"473",6,"Manu Ginobili",37,70,0,1587,251,589,0.426,89,258,0.345,162,331,0.489,0.502,147,204,0.721,28,183,211,293,67,20,154,138,738,"Spurs",7e+06,"SG"
"474",7,"Cory Joseph",23,79,14,1444,207,411,0.504,16,44,0.364,191,367,0.52,0.523,105,143,0.734,44,148,192,188,46,17,67,105,535,"Spurs",2023261,"PG"
"475",8,"Marco Belinelli",28,62,9,1388,199,470,0.423,86,230,0.374,113,240,0.471,0.515,84,99,0.848,26,131,157,94,31,3,61,85,568,"Spurs",2873750,"SG"
"476",9,"Aron Baynes",28,70,17,1122,185,327,0.566,1,4,0.25,184,323,0.57,0.567,90,104,0.865,109,209,318,35,16,22,65,162,461,"Spurs",2077000,"C"
"477",10,"Tiago Splitter",30,52,35,1030,169,303,0.558,0,0,NA,169,303,0.558,0.558,90,120,0.75,91,161,252,78,35,37,60,103,428,"Spurs",9250000,"C"
"478",11,"Matt Bonner",34,72,19,935,94,230,0.409,46,126,0.365,48,104,0.462,0.509,30,37,0.811,29,86,115,47,10,12,11,65,264,"Spurs",915243,"PF"
"479",13,"Jeff Ayres",27,51,0,383,55,95,0.579,0,0,NA,55,95,0.579,0.579,27,36,0.75,37,80,117,14,8,8,26,60,137,"Spurs",1828750,"PF"
"480",14,"Kyle Anderson",21,33,8,358,31,89,0.348,3,11,0.273,28,78,0.359,0.365,9,14,0.643,5,67,72,28,15,7,10,28,74,"Spurs",1093680,"SF"
"483",16,"Reggie Williams",28,20,0,105,15,39,0.385,3,19,0.158,12,20,0.6,0.423,4,4,1,5,12,17,10,1,0,2,12,37,"Spurs",344036,"SF"
"486",1,"Eric Bledsoe",25,81,81,2800,468,1046,0.447,88,272,0.324,380,774,0.491,0.489,353,441,0.8,72,351,423,493,127,45,274,189,1377,"Suns",1.3e+07,"PG"
"487",2,"Markieff Morris",25,82,82,2581,512,1100,0.465,57,179,0.318,455,921,0.494,0.491,177,232,0.763,110,396,506,192,101,39,170,245,1258,"Suns",2989239,"PF"
"488",3,"P.J. Tucker",29,78,63,2383,261,596,0.438,87,252,0.345,174,344,0.506,0.511,104,143,0.727,114,388,502,122,107,23,96,179,713,"Suns",5700000,"SF"
"489",4,"Marcus Morris",25,81,35,2045,331,763,0.434,112,313,0.358,219,450,0.487,0.507,71,113,0.628,73,312,385,133,63,16,73,188,845,"Suns",2943221,"PF"
"492",6,"Alex Len",21,69,44,1518,179,353,0.507,1,3,0.333,178,350,0.509,0.508,73,104,0.702,142,312,454,32,34,105,74,213,432,"Suns",3649920,"C"
"493",7,"Gerald Green",29,74,4,1446,324,778,0.416,137,387,0.354,187,391,0.478,0.504,99,120,0.825,33,153,186,91,42,12,104,145,884,"Suns",3500000,"SG"
"501",11,"T.J. Warren",21,40,1,614,113,214,0.528,5,21,0.238,108,193,0.56,0.54,14,19,0.737,41,44,85,25,18,9,27,51,245,"Suns",1953120,"SF"
"502",12,"Archie Goodwin",20,41,2,535,79,201,0.393,12,41,0.293,67,160,0.419,0.423,61,83,0.735,27,47,74,44,18,9,48,55,231,"Suns",1112280,"SG"
"505",15,"Earl Barron",33,16,1,143,12,39,0.308,2,4,0.5,10,35,0.286,0.333,6,12,0.5,14,14,28,5,4,2,5,26,32,"Suns",183049,"C"
"519",23,"Seth Curry",24,2,0,8,0,3,0,0,1,0,0,2,0,0,0,0,NA,0,2,2,1,0,0,0,2,0,"Suns",48028,"PG"
"520",1,"Damian Lillard",24,82,82,2925,590,1360,0.434,196,572,0.343,394,788,0.5,0.506,344,398,0.864,49,329,378,507,97,21,222,164,1720,"TB",3340920,"PG"
"521",2,"LaMarcus Aldridge",29,71,71,2512,659,1415,0.466,37,105,0.352,622,1310,0.475,0.479,306,362,0.845,177,549,726,124,48,68,122,125,1661,"TB",16006000,"PF"
"522",3,"Nicolas Batum",26,71,71,2380,240,600,0.4,100,309,0.324,140,291,0.481,0.483,84,98,0.857,62,354,416,341,78,40,132,106,664,"TB",11765500,"SF"
"523",4,"Wesley Matthews",28,60,60,2024,337,752,0.448,173,445,0.389,164,307,0.534,0.563,109,145,0.752,38,184,222,139,77,10,81,132,956,"TB",7245640,"SG"
"524",5,"Robin Lopez",26,59,59,1638,234,437,0.535,0,1,0,234,436,0.537,0.535,98,127,0.772,190,204,394,55,16,84,73,122,566,"TB",6124729,"C"
"525",7,"Chris Kaman",32,74,13,1398,283,549,0.515,0,0,NA,283,549,0.515,0.515,72,102,0.706,149,335,484,65,18,54,108,140,638,"TB",4800000,"C"
"526",8,"C.J. McCollum",23,62,3,973,159,365,0.436,55,139,0.396,104,226,0.46,0.511,51,73,0.699,14,77,91,64,43,8,48,81,424,"TB",2421000,"SG"
"527",9,"Meyers Leonard",22,55,7,847,125,245,0.51,47,112,0.42,78,133,0.586,0.606,30,32,0.938,46,204,250,32,10,14,39,113,327,"TB",2317920,"C"
"530",11,"Allen Crabbe",22,51,9,683,63,153,0.412,30,85,0.353,33,68,0.485,0.51,12,16,0.75,7,66,73,39,19,15,15,74,168,"TB",862000,"SG"
"531",12,"Joel Freeland",27,48,8,617,74,151,0.49,0,0,NA,74,151,0.49,0.49,21,25,0.84,62,129,191,16,9,23,23,93,169,"TB",3013512,"C"
"532",13,"Dorell Wright",29,48,2,592,72,190,0.379,41,108,0.38,31,82,0.378,0.487,34,42,0.81,14,97,111,41,20,11,18,55,219,"TB",3150000,"SF"
"535",17,"Victor Claver",26,10,0,76,9,20,0.45,6,11,0.545,3,9,0.333,0.6,0,0,NA,3,17,20,1,1,1,4,12,24,"TB",1370000,"SF"
"538",1,"Russell Westbrook",26,67,67,2302,627,1471,0.426,86,288,0.299,541,1183,0.457,0.455,546,654,0.835,124,364,488,574,140,14,293,184,1886,"Thunder",15719062,"PG"
"539",2,"Serge Ibaka",25,64,64,2116,374,786,0.476,77,205,0.376,297,581,0.511,0.525,92,110,0.836,135,364,499,55,30,155,97,194,917,"Thunder",12350000,"PF"
"540",3,"Anthony Morrow",29,74,0,1806,285,615,0.463,141,325,0.434,144,290,0.497,0.578,79,89,0.888,40,155,195,60,54,11,38,135,790,"Thunder",3200000,"SG"
"541",4,"Steven Adams",21,70,67,1771,217,399,0.544,0,2,0,217,397,0.547,0.544,103,205,0.502,199,324,523,66,38,86,99,222,537,"Thunder",2184960,"C"
"546",7,"Andre Roberson",23,67,65,1286,92,201,0.458,21,85,0.247,71,116,0.612,0.51,23,48,0.479,60,195,255,70,53,29,46,141,228,"Thunder",1160880,"SG"
"547",8,"Nick Collison",34,66,2,1101,106,253,0.419,16,60,0.267,90,193,0.466,0.451,45,65,0.692,90,160,250,90,35,25,45,156,273,"Thunder",2242003,"PF"
"550",10,"Kevin Durant",26,27,27,913,238,467,0.51,64,159,0.403,174,308,0.565,0.578,146,171,0.854,16,162,178,110,24,25,74,40,686,"Thunder",18995624,"SF"
"555",13,"Jeremy Lamb",22,47,8,633,104,250,0.416,38,111,0.342,66,139,0.475,0.492,49,55,0.891,8,99,107,44,21,6,27,52,295,"Thunder",2202000,"SG"
"556",14,"Perry Jones",23,43,13,631,73,184,0.397,14,60,0.233,59,124,0.476,0.435,24,37,0.649,6,70,76,18,17,8,24,50,184,"Thunder",1129200,"SF"
"557",15,"Mitch McGary",22,32,2,485,88,165,0.533,0,2,0,88,163,0.54,0.533,25,40,0.625,53,112,165,14,16,16,31,72,201,"Thunder",1400040,"PF"
"562",18,"Sebastian Telfair",29,16,1,327,46,125,0.368,18,60,0.3,28,65,0.431,0.44,24,34,0.706,2,28,30,45,10,0,18,29,134,"Thunder",915243,"PG"
"567",1,"Andrew Wiggins",19,82,82,2969,497,1137,0.437,39,126,0.31,458,1011,0.453,0.454,354,466,0.76,134,240,374,170,86,50,177,190,1387,"Timberwolves",5510640,"SG"
"568",2,"Gorgui Dieng",25,73,49,2193,259,512,0.506,1,6,0.167,258,506,0.51,0.507,191,244,0.783,223,386,609,146,71,126,126,188,710,"Timberwolves",1413480,"C"
"569",3,"Zach LaVine",19,77,40,1902,286,677,0.422,57,167,0.341,229,510,0.449,0.465,149,177,0.842,27,187,214,276,54,10,193,158,778,"Timberwolves",2055840,"PG"
"572",5,"Kevin Martin",31,39,36,1302,267,625,0.427,75,191,0.393,192,434,0.442,0.487,170,193,0.881,19,123,142,89,33,1,76,76,779,"Timberwolves",6792500,"SG"
"573",6,"Chase Budinger",26,67,4,1286,169,390,0.433,52,143,0.364,117,247,0.474,0.5,67,81,0.827,33,165,198,64,44,10,49,72,457,"Timberwolves",5e+06,"SF"
"576",8,"Anthony Bennett",21,57,3,894,125,297,0.421,7,23,0.304,118,274,0.431,0.433,41,64,0.641,52,164,216,48,27,16,36,87,298,"Timberwolves",5563920,"PF"
"577",9,"Shabazz Muhammad",22,38,13,866,194,397,0.489,20,51,0.392,174,346,0.503,0.514,104,145,0.717,63,91,154,44,18,7,35,49,512,"Timberwolves",1971960,"SG"
"578",10,"Nikola Pekovic",29,31,29,815,139,328,0.424,0,0,NA,139,328,0.424,0.424,108,129,0.837,89,145,234,27,19,12,42,59,386,"Timberwolves",12100000,"C"
"579",11,"Robbie Hummel",25,45,4,742,79,172,0.459,16,51,0.314,63,121,0.521,0.506,24,29,0.828,31,103,134,27,16,9,18,86,198,"Timberwolves",880000,"SF"
"582",13,"Ricky Rubio",24,22,22,692,78,219,0.356,13,51,0.255,65,168,0.387,0.386,57,71,0.803,19,106,125,193,38,1,64,59,226,"Timberwolves",4660479,"PG"
"585",15,"Lorenzo Brown",24,29,7,549,52,122,0.426,6,28,0.214,46,94,0.489,0.451,12,19,0.632,14,56,70,90,28,6,30,49,122,"Timberwolves",283367,"PG"
"588",18,"Jeff Adrien",28,17,0,215,19,44,0.432,0,0,NA,19,44,0.432,0.432,22,38,0.579,23,54,77,15,4,9,9,30,60,"Timberwolves",742962,"PF"
"592",24,"Miroslav Raduljica",27,5,0,23,3,8,0.375,0,0,NA,3,8,0.375,0.375,2,2,1,2,3,5,0,1,0,2,8,8,"Timberwolves",1500000,"C"
"593",25,"Ronny Turiaf",32,2,0,19,0,0,NA,0,0,NA,0,0,NA,NA,0,0,NA,0,1,1,2,0,0,0,0,0,"Timberwolves",1500000,"C"
"594",1,"Stephen Curry",26,80,80,2613,653,1341,0.487,286,646,0.443,367,695,0.528,0.594,308,337,0.914,56,285,341,619,163,16,249,158,1900,"Warriors",10629213,"PG"
"595",3,"Klay Thompson",24,77,77,2455,602,1299,0.463,239,545,0.439,363,754,0.481,0.555,225,256,0.879,27,220,247,222,87,60,149,122,1668,"Warriors",3075880,"SG"
"596",4,"Harrison Barnes",22,82,82,2318,316,656,0.482,87,215,0.405,229,441,0.519,0.548,108,150,0.72,117,336,453,116,61,19,71,146,827,"Warriors",3049920,"SF"
"597",5,"Andre Iguodala",31,77,0,2069,231,496,0.466,74,212,0.349,157,284,0.553,0.54,68,114,0.596,44,213,257,228,89,25,88,100,604,"Warriors",12289544,"SG"
"598",6,"Andrew Bogut",30,67,65,1583,200,355,0.563,0,0,NA,200,355,0.563,0.563,22,42,0.524,141,402,543,180,39,113,106,188,422,"Warriors",12972973,"C"
"599",7,"Shaun Livingston",29,78,2,1468,198,396,0.5,0,2,0,198,394,0.503,0.5,65,91,0.714,43,140,183,259,49,20,102,110,461,"Warriors",5305000,"PG"
"600",8,"Marreese Speights",27,76,9,1207,318,646,0.492,5,18,0.278,313,628,0.498,0.496,150,178,0.843,109,216,325,72,20,34,82,189,791,"Warriors",3657500,"PF"
"601",10,"David Lee",31,49,4,904,160,313,0.511,0,2,0,160,311,0.514,0.511,68,104,0.654,81,176,257,85,31,26,49,83,388,"Warriors",15012000,"PF"
"602",11,"Justin Holiday",25,59,4,657,91,235,0.387,35,109,0.321,56,126,0.444,0.462,37,45,0.822,12,61,73,48,40,12,29,54,254,"Warriors",816482,"SG"
"603",12,"Festus Ezeli",25,46,7,504,76,139,0.547,0,0,NA,76,139,0.547,0.547,49,78,0.628,60,95,155,9,7,42,32,77,201,"Warriors",1112880,"C"
"604",13,"Brandon Rush",29,33,0,271,11,54,0.204,3,27,0.111,8,27,0.296,0.231,5,11,0.455,4,37,41,12,5,12,11,27,30,"Warriors",1145685,"SG"
"605",14,"James Michael McAdoo",22,15,0,137,24,44,0.545,0,0,NA,24,44,0.545,0.545,14,25,0.56,15,22,37,2,5,9,6,21,62,"Warriors",167122,"PF"
"606",1,"John Wall",24,79,79,2837,519,1166,0.445,65,217,0.3,454,949,0.478,0.473,284,362,0.785,36,330,366,792,138,45,304,180,1387,"Wizards",14746000,"PG"
"607",2,"Marcin Gortat",30,82,82,2453,439,775,0.566,0,3,0,439,772,0.569,0.566,123,175,0.703,180,537,717,97,49,110,100,191,1001,"Wizards",10434782,"C"
"608",3,"Bradley Beal",21,63,59,2107,363,851,0.427,106,259,0.409,257,592,0.434,0.489,130,166,0.783,57,184,241,194,76,18,123,136,962,"Wizards",4505280,"SG"
"609",5,"Nene Hilario",32,67,58,1693,307,601,0.511,1,5,0.2,306,596,0.513,0.512,122,202,0.604,84,261,345,123,66,22,124,180,737,"Wizards",1.3e+07,"PF"
"610",6,"Rasual Butler",35,75,1,1505,218,517,0.422,91,235,0.387,127,282,0.45,0.51,53,67,0.791,27,170,197,63,29,22,48,98,580,"Wizards",915243,"SF"
"611",8,"Kris Humphries",29,64,17,1345,211,446,0.473,0,7,0,211,439,0.481,0.473,87,117,0.744,118,298,416,57,34,25,46,130,509,"Wizards",4250000,"PF"
"612",9,"Kevin Seraphin",25,79,0,1235,231,450,0.513,0,2,0,231,448,0.516,0.513,58,82,0.707,87,201,288,59,10,59,98,197,520,"Wizards",3898692,"C"
"613",10,"Drew Gooden",33,51,7,864,110,276,0.399,23,59,0.39,87,217,0.401,0.44,34,44,0.773,72,151,223,49,21,9,28,91,277,"Wizards",915243,"PF"
"614",11,"Garrett Temple",28,52,18,735,68,170,0.4,33,88,0.375,35,82,0.427,0.497,35,48,0.729,24,66,90,56,42,9,34,76,204,"Wizards",981084,"SG"
"619",14,"Martell Webster",28,32,0,352,24,91,0.264,10,43,0.233,14,48,0.292,0.319,48,64,0.75,10,36,46,17,7,1,22,24,106,"Wizards",5381750,"SF"
"620",15,"DeJuan Blair",25,29,0,180,26,57,0.456,0,0,NA,26,57,0.456,0.456,4,6,0.667,16,40,56,3,7,1,13,41,56,"Wizards",2e+06,"PF"
"621",16,"Will Bynum",32,7,0,67,10,31,0.323,0,9,0,10,22,0.455,0.323,2,4,0.5,2,4,6,18,1,1,8,9,22,"Wizards",2915908,"SG"
